"id","customer_id","staff_id","order_id","remark","comment","created_at","updated_at"
"1","4961","15","20854","4","She was an excellent customer representative","2021-05-06 10:33:34","2021-05-06 10:33:34"
"2","20609","17","20899","5","Nneoma was really helpful and she responded so well to my questions. She is very patient and ready to listen.","2021-05-07 16:16:24","2021-05-07 16:16:24"
"3","20613","18","20903","5","Good customer service and very pleasant","2021-05-08 12:45:45","2021-05-08 12:45:45"
"4","20628","2","20918","5","Her customer service was too notch. She made me very comfortable.","2021-05-08 17:07:20","2021-05-08 17:07:20"
"5","20634","2","20924","5","at first I thought I was going to be scammedüòπ
you are very niceüòä
the way you  attend to me is top notch I don't know about other people doh
thanks ma
God bless you ‚ù§Ô∏è
can't wait to wear getfitüíÉüèæ","2021-05-08 17:15:04","2021-05-08 17:15:04"
"6","20640","7","20930","5","She is very nice","2021-05-10 10:45:46","2021-05-10 10:45:46"
"7","20644","2","20934","5","She was so friendly and used some emojis that made me very warm. It‚Äôs a 5 star for her. Loved the customer service.","2021-05-10 11:19:21","2021-05-10 11:19:21"
"8","20652","2","20942","5","Great customer service.","2021-05-10 11:45:53","2021-05-10 11:45:53"
"9","20653","2","20943","5","Totally Customer Friendly","2021-05-10 11:49:58","2021-05-10 11:49:58"
"10","20651","2","20941","4","She is good but late to reply to messages on WhatsApp","2021-05-10 13:05:20","2021-05-10 13:05:20"
"11","20663","2","20953","5","EXCELLENT CUSTOMER SERVICE üëè,SWIFT üëåRESPONSE TO All CHATS & VERY SUPPORTIVE WITH THE SIZE GUIDE.","2021-05-10 13:26:00","2021-05-10 13:26:00"
"12","20665","2","20955","5","She was very polite and friendly. She was also very helpful.","2021-05-10 14:15:08","2021-05-10 14:15:08"
"13","20649","17","20939","5","She is very nice and customer friendly..nice customer service","2021-05-10 14:47:03","2021-05-10 14:47:03"
"14","20681","8","20974","5","Good service","2021-05-10 20:06:45","2021-05-10 20:06:45"
"15","20685","8","20978","0","Great service.","2021-05-11 09:50:45","2021-05-11 09:50:45"
"16","20696","13","20992","5","Professional","2021-05-11 12:06:47","2021-05-11 12:06:47"
"17","20691","17","20984","5","She‚Äôs very nice","2021-05-11 13:16:24","2021-05-11 13:16:24"
"18","20701","8","20997","5","Quick reply","2021-05-11 13:21:22","2021-05-11 13:21:22"
"19","20704","17","21000","0","Great","2021-05-11 14:55:37","2021-05-11 14:55:37"
"20","20645","2","20935","5","Respectful and business minded...I was comfortable with her and there was no cause for alarm/scamming...","2021-05-11 15:10:57","2021-05-11 15:10:57"
"21","20714","7","21010","5","Very Efficient and customer friendlyüôÇ","2021-05-11 17:14:59","2021-05-11 17:14:59"
"22","20706","7","21002","0","Tested and trusted","2021-05-11 18:36:12","2021-05-11 18:36:12"
"23","20690","17","20983","5","She was nice and very pleasant while providing an excellent service.  She was reassuring.","2021-05-11 20:26:31","2021-05-11 20:26:31"
"24","20738","8","21035","4","Prompt active with every bit of respect
Thanks Victoria","2021-05-13 11:15:59","2021-05-13 11:15:59"
"25","20742","8","21039","5","She has a good customer service","2021-05-13 11:51:22","2021-05-13 11:51:22"
"26","20743","8","21040","5","She was very helpful with the process on my order and also attentive to everything as not to make an mistake on both sides.
Thumbs up victoria","2021-05-13 12:24:05","2021-05-13 12:24:05"
"27","20770","8","21067","5","Awesome and prompt customer service üëçüëç","2021-05-14 10:23:55","2021-05-14 10:23:55"
"28","20776","8","21073","0","Friendly and  patient","2021-05-14 10:23:56","2021-05-14 10:23:56"
"29","20770","8","21067","5","Awesome and prompt customer service üëçüëç","2021-05-14 10:24:46","2021-05-14 10:24:46"
"30","20783","8","21080","5","She was nice
And answered all my questions without being harsh or rude","2021-05-14 11:58:00","2021-05-14 11:58:00"
"31","20768","17","21065","5","She is well educated on the products and her recommendations were my specific needs. She pays good attention to the needs of her customers.","2021-05-14 12:50:53","2021-05-14 12:50:53"
"32","20792","8","21090","5","Very nice","2021-05-14 13:51:22","2021-05-14 13:51:22"
"33","20792","8","21090","5","Very nice","2021-05-14 13:51:32","2021-05-14 13:51:32"
"34","20792","8","21090","5","Very nice","2021-05-14 13:51:33","2021-05-14 13:51:33"
"35","20788","8","21086","5","She was so excellent in her service, took her time to explain the one that was good for me","2021-05-14 14:09:39","2021-05-14 14:09:39"
"36","20794","8","21092","0","She is very patient and respectful I like her.","2021-05-14 15:06:44","2021-05-14 15:06:44"
"37","20794","8","21092","0","She is very patient and respectful I like her.","2021-05-14 15:06:45","2021-05-14 15:06:45"
"38","20795","8","21093","0","She‚Äôs okay I love the way she attended to me","2021-05-14 15:24:06","2021-05-14 15:24:06"
"39","20816","44","21114","5","Excellent","2021-05-14 21:45:35","2021-05-14 21:45:35"
"40","20780","17","21077","5","She's very well mannered","2021-05-14 23:12:42","2021-05-14 23:12:42"
"41","20773","17","21070","5","Nneoma was very helpful, she made buying very easy","2021-05-15 11:34:26","2021-05-15 11:34:26"
"42","20858","8","21156","5","Very good customer relations
She's good","2021-05-15 12:39:48","2021-05-15 12:39:48"
"43","20855","8","21153","4","It was quick and satisfying","2021-05-15 12:55:16","2021-05-15 12:55:16"
"44","20855","8","21153","4","It was quick and satisfying","2021-05-15 12:55:18","2021-05-15 12:55:18"
"45","20850","8","21148","5","She was super nice and helpful","2021-05-15 14:27:31","2021-05-15 14:27:31"
"46","20875","8","21173","5","Very fast","2021-05-15 16:21:18","2021-05-15 16:21:18"
"47","20861","44","21159","5","Very responsive to my request most especially when the web site was down and I could not make payment","2021-05-15 23:08:20","2021-05-15 23:08:20"
"48","20892","7","21192","5","She has a nice voice","2021-05-17 09:05:07","2021-05-17 09:05:07"
"49","20903","17","21204","5","Nice üëç","2021-05-17 10:49:49","2021-05-17 10:49:49"
"50","20927","2","21229","5","Great service","2021-05-17 13:29:10","2021-05-17 13:29:10"
"51","20948","2","21252","5","i was attended to in a very polite manner, i am indeed impressed and would definitely recommend getfit to others","2021-05-17 17:16:05","2021-05-17 17:16:05"
"52","20950","17","21254","5","It was really wonderful  she responded faster thanks","2021-05-17 17:30:46","2021-05-17 17:30:46"
"53","20940","7","21244","0","She was prompt and detailed. Hope the dispatch and delivery will be swift too.","2021-05-17 18:13:59","2021-05-17 18:13:59"
"54","20953","7","21257","5","Good and recommended customer service","2021-05-18 09:33:00","2021-05-18 09:33:00"
"55","20934","7","21237","5","Excellent","2021-05-18 09:48:52","2021-05-18 09:48:52"
"56","20951","7","21255","5","She was very polite","2021-05-18 10:46:42","2021-05-18 10:46:42"
"57","20974","2","21278","5","Swift and accommodative response!","2021-05-18 11:42:48","2021-05-18 11:42:48"
"58","20984","7","21288","0","Very impressed with her service, I mean she even sent a voice message to make sure I understood perfectly. I love her patience...","2021-05-18 12:22:47","2021-05-18 12:22:47"
"59","20981","2","21285","5","I rate Anumudu chika with a 5star because he/she is a very good representative, polite and with immediate replies. I feel you should get more of Anumudu chika because I‚Äôm impressed with his/her service.","2021-05-18 12:24:27","2021-05-18 12:24:27"
"60","20960","7","21264","0","Amala Obi‚Äôs service is top notch and she responded fast and was welcoming","2021-05-18 12:25:34","2021-05-18 12:25:34"
"61","20986","2","21290","5","Reply was quick and she was polite.","2021-05-18 13:03:41","2021-05-18 13:03:41"
"62","20989","17","21293","5","She's super cool.... I like","2021-05-18 13:50:59","2021-05-18 13:50:59"
"63","20968","2","21272","5","She was really patient and so friendly","2021-05-18 14:23:07","2021-05-18 14:23:07"
"64","20978","2","21282","5","She was such a darling. She answered every of my question and was absolutely polite and professional. She‚Äôs a keeper!","2021-05-18 14:28:03","2021-05-18 14:28:03"
"65","20994","2","21298","5","Quick to respond and respectful...","2021-05-18 14:51:23","2021-05-18 14:51:23"
"66","21001","2","21306","5","I love the fact that she was patient, attentive and quick to respond to my messages and again, she was friendly.","2021-05-18 17:08:19","2021-05-18 17:08:19"
"67","21002","2","21307","5","Swift and reliable","2021-05-18 17:09:48","2021-05-18 17:09:48"
"68","20954","2","21258","5","Excellent customer service","2021-05-18 18:15:18","2021-05-18 18:15:18"
"69","20993","18","21297","5","She was good at her work","2021-05-18 21:13:08","2021-05-18 21:13:08"
"70","20963","18","21267","5","Excellent","2021-05-18 21:44:28","2021-05-18 21:44:28"
"71","20998","7","21303","5","Awesome and excellent","2021-05-18 22:08:49","2021-05-18 22:08:49"
"72","21011","2","21315","5","I absolutely loved Anumudu Chika‚Äôs service. She was wonderful. Well done GETFIT. I‚Äôll definitely recommend to friends.","2021-05-19 08:56:55","2021-05-19 08:56:55"
"73","21012","2","21316","4","She responded fast and apt. She chatted  nice too. Lol","2021-05-19 09:19:45","2021-05-19 09:19:45"
"74","21020","2","21324","5","Excellent","2021-05-19 11:17:05","2021-05-19 11:17:05"
"75","21013","7","21317","5","Polite and efficient","2021-05-19 11:56:47","2021-05-19 11:56:47"
"76","21016","2","21320","5","Excellent services, she was patient and thoughtful.","2021-05-19 11:57:02","2021-05-19 11:57:02"
"77","21026","7","21330","0","She was very prompt in response, courteous and was nice in answering all questions.","2021-05-19 12:35:01","2021-05-19 12:35:01"
"78","21017","17","21321","0","She was so fast in responding","2021-05-19 12:46:09","2021-05-19 12:46:09"
"79","21034","8","21338","5","She attend to me respectfully and she doesn't delay bf reply üëèüèºüëèüèºüëèüèº","2021-05-19 14:03:14","2021-05-19 14:03:14"
"80","21037","7","21341","5","Excellent service","2021-05-19 14:58:53","2021-05-19 14:58:53"
"81","21031","17","21335","5","Nice customer servicing","2021-05-19 15:13:10","2021-05-19 15:13:10"
"82","21004","7","21308","5","Beautiful service","2021-05-19 18:27:00","2021-05-19 18:27:00"
"83","21054","7","21358","5","Amaka is the sweetest T‚Äôs soul ever and has given me the best customer service ever. I appreciate Amaka and I love doing business with Getfit via Amaka. If Amaka is not there I doubt I‚Äôll come back","2021-05-20 10:31:51","2021-05-20 10:31:51"
"84","21019","7","21323","5","I was attended to very well by Amaka Obi.  Her services and turn around time was excellent. Thanks to Getfit and to my customer care Amaka.","2021-05-20 10:51:29","2021-05-20 10:51:29"
"85","21053","8","21357","5","Specific and honest","2021-05-20 11:08:16","2021-05-20 11:08:16"
"86","21053","8","21357","5","Specific and honest","2021-05-20 11:08:17","2021-05-20 11:08:17"
"87","21074","7","21378","5","Her service was amazing","2021-05-20 12:37:49","2021-05-20 12:37:49"
"88","21073","7","21377","5","Her service was good and how she explains and make sure you understand all questions and answers are top notch too. Looking forward to getting my desired shape, it‚Äôs actually my first time","2021-05-20 12:41:28","2021-05-20 12:41:28"
"89","21069","7","21373","5","She‚Äôs great","2021-05-20 12:44:21","2021-05-20 12:44:21"
"90","21088","2","21392","5","She attended to me nicely üòä","2021-05-20 15:46:10","2021-05-20 15:46:10"
"91","21091","7","21395","5","She was very polite and paid attention to details of my inquiry.","2021-05-20 16:55:36","2021-05-20 16:55:36"
"92","21091","7","21395","5","She was very polite and paid attention to details of my inquiry.","2021-05-20 16:55:36","2021-05-20 16:55:36"
"93","21086","7","21390","5","She attended to me well without stress or argument. So far all the customer care that attended to me are wonderful. Kudos to you guys","2021-05-20 17:09:52","2021-05-20 17:09:52"
"94","21087","7","21391","5","please buy from them.getfit is one of the best all the way from Austria ü•∞ü•∞","2021-05-20 17:39:43","2021-05-20 17:39:43"
"95","21045","8","21349","5","It was professional and good.","2021-05-20 20:02:50","2021-05-20 20:02:50"
"96","21090","7","21394","5","Her customer relationship is top notch. She didn't get tired of .y many questions and answered them professionally","2021-05-20 21:05:45","2021-05-20 21:05:45"
"97","21083","39","21387","5","What I like the most is the friendly conversation we had","2021-05-20 21:27:01","2021-05-20 21:27:01"
"98","21076","8","21380","5","Very friendly and formal ü•∞","2021-05-20 22:33:06","2021-05-20 22:33:06"
"99","21076","8","21380","5","Very friendly and formal ü•∞","2021-05-20 22:33:07","2021-05-20 22:33:07"
"100","21080","13","21384","5","She was welcoming, patient and willing to answer all my questions and attended to me properly","2021-05-21 00:59:57","2021-05-21 00:59:57"
"101","21100","7","21405","5","So warm and comfortable üëå","2021-05-21 09:18:33","2021-05-21 09:18:33"
"102","21105","2","21410","0","Very friendly and nice.","2021-05-21 10:14:11","2021-05-21 10:14:11"
"103","21112","2","21417","5","She was really helpful and i really liked how she attended to me","2021-05-21 10:32:28","2021-05-21 10:32:28"
"104","21111","7","21416","5","She is very prompt in her response and polite too.
She is a lovely staff.","2021-05-21 11:02:02","2021-05-21 11:02:02"
"105","21115","2","21421","5","Chika was such a sweetheart. Attended to me with so much friendliness. I really like her customer service. Great work Guys!","2021-05-21 11:24:34","2021-05-21 11:24:34"
"106","21120","2","21426","5","She was polite and customer friendly I love her services.","2021-05-21 13:35:44","2021-05-21 13:35:44"
"107","21123","17","21432","5","Nice service she was polite and nice God bless her","2021-05-21 14:43:50","2021-05-21 14:43:50"
"108","21121","8","21427","5","Good customer service. She‚Äôs so patient with taking orders. Good job","2021-05-21 14:51:28","2021-05-21 14:51:28"
"109","21117","7","21423","5","Very good","2021-05-21 15:03:30","2021-05-21 15:03:30"
"110","21126","8","21435","5","She answered my questions and dealt with my order efficiently, Respectfully and professionally.

Thank you Victoria","2021-05-21 15:17:35","2021-05-21 15:17:35"
"111","21124","7","21433","5","She was very polite and durable","2021-05-21 15:48:00","2021-05-21 15:48:00"
"112","21128","7","21437","5","Swift and direct...loved it","2021-05-21 16:12:44","2021-05-21 16:12:44"
"113","21131","17","21441","5","Good and quick response. Happy with the customer service I got.  Thanks alot.","2021-05-21 16:31:54","2021-05-21 16:31:54"
"114","21099","7","21404","5","She was very professional and I liked it, and could easily recommend something beneficial to me","2021-05-21 16:38:05","2021-05-21 16:38:05"
"115","21134","8","21444","5","No delay in replying once you send a message to her ,good job.","2021-05-21 17:23:49","2021-05-21 17:23:49"
"116","21114","17","21419","5","she was fast and active . I appreciate her attendance","2021-05-21 20:11:36","2021-05-21 20:11:36"
"117","21141","7","21452","0","Very professional. Thanks Amaka for making my purchase very easy. I will sure come back because of your impeccable service.","2021-05-22 10:18:33","2021-05-22 10:18:33"
"118","21145","7","21456","0","With the so many different waist trainers brand on the street of Instagram this particular brand and the person that attend to me on the DM was fast in response, well articulated, was patient in replying my questions, intelligent in educating me about the brand and the choice of 3strapped Ruby I ordered for myself and my sister who delivered 3months ago, her customer service is top notch and I can proudly say I will refer friends to this brand once my waist trainer arrived... I really do hope it works... thank you for ur time and keep being top notch in your customer service with client am very impressed,  Thank u and have a great day","2021-05-22 12:16:54","2021-05-22 12:16:54"
"119","21145","7","21456","5","With the so many different waist trainers brand on the street of Instagram this particular brand and the person that attend to me on the DM was fast in response, well articulated, was patient in replying my questions, intelligent in educating me about the brand and the choice of 3strapped Ruby I ordered for myself and my sister who delivered 3months ago, her customer service is top notch and I can proudly say I will refer friends to this brand once my waist trainer arrived... I really do hope it works... thank you for ur time and keep being top notch in your customer service with client am very impressed,  Thank u and have a great day","2021-05-22 12:17:16","2021-05-22 12:17:16"
"120","21146","7","21457","5","Lovely lady","2021-05-22 14:36:50","2021-05-22 14:36:50"
"121","21139","7","21450","5","Her customer relation is üíØüíØüíØ","2021-05-22 15:52:25","2021-05-22 15:52:25"
"122","21151","7","21463","5","Good customer service","2021-05-22 16:15:49","2021-05-22 16:15:49"
"123","21154","2","21466","5","I have bought from a lot of vendors online and their customer service doesn‚Äôt come close to the service Chika gave me. She made me feel like she‚Äôs known me before. I rate her 100/100. Thank you Chika, you‚Äôre very lovely,","2021-05-22 16:42:21","2021-05-22 16:42:21"
"124","20890","7","21190","5","Wow lovely this one is different for others I have brought before I am coming with my review thanks üôèüèæ very much, delivery üì¶ was quick.","2021-05-22 18:05:14","2021-05-22 18:05:14"
"125","21153","7","21465","5","She was really nice and helpful","2021-05-22 21:02:41","2021-05-22 21:02:41"
"126","21158","7","21470","5","Very polite and helpful","2021-05-22 23:06:40","2021-05-22 23:06:40"
"127","21071","8","21375","5","She was nice throughout.","2021-05-23 21:29:20","2021-05-23 21:29:20"
"128","21166","17","21478","5","She was really kind and helpful, very patient with me and answer all my questions. I love her already.
Thank you very much Nneoma.","2021-05-24 09:35:30","2021-05-24 09:35:30"
"129","21173","2","21485","5","Her reception was very warm. Her response was never delayed. She's very courteous and very professional. She's a great sales personel. I loved her service. ‚ò∫","2021-05-24 10:03:16","2021-05-24 10:03:16"
"130","21168","7","21480","5","Responded quickly and was polite","2021-05-24 10:24:12","2021-05-24 10:24:12"
"131","21186","17","21498","0","Everything is ok by me","2021-05-24 11:23:27","2021-05-24 11:23:27"
"132","21180","7","21492","0","She‚Äôs customer serving!
She did well ü•∞","2021-05-24 11:29:31","2021-05-24 11:29:31"
"133","21180","7","21492","0","She‚Äôs customer serving!
She did well ü•∞","2021-05-24 11:29:32","2021-05-24 11:29:32"
"134","21185","2","21497","0","Satisfying","2021-05-24 11:49:46","2021-05-24 11:49:46"
"135","21178","17","21490","5","Very fast and Easy. Loved speaking with her. üëåüëå","2021-05-24 12:11:10","2021-05-24 12:11:10"
"136","21184","2","21496","5","Nice","2021-05-24 12:33:28","2021-05-24 12:33:28"
"137","21184","2","21496","5","Nice service üëç","2021-05-24 12:51:44","2021-05-24 12:51:44"
"138","21193","2","21505","5","Prompt and professional! Well done..","2021-05-24 14:09:24","2021-05-24 14:09:24"
"139","21195","2","21508","5","She was absolutely lovely. Very friendly too. I like Anumudu Chika. It's a 5 star for her.","2021-05-24 14:58:36","2021-05-24 14:58:36"
"140","21211","7","21524","5","Excellent","2021-05-24 21:56:26","2021-05-24 21:56:26"
"141","21197","2","21510","5","I need extra space for more stars.
She is super awesome üëå
Polite, Professional, swift, well detailed from start to finish.","2021-05-25 05:23:08","2021-05-25 05:23:08"
"142","21224","7","21537","5","She's humble and nice","2021-05-25 10:12:34","2021-05-25 10:12:34"
"143","21205","8","21518","5","She was sweet and very pleasant to me.
Advising me on what product to get and even going further to educate me.....
She is top notch","2021-05-25 10:18:29","2021-05-25 10:18:29"
"144","21217","17","21530","4","Very nice and helpful","2021-05-25 10:29:19","2021-05-25 10:29:19"
"145","21213","8","21526","5","She is doing  well.","2021-05-25 10:31:51","2021-05-25 10:31:51"
"146","21222","8","21535","5","Excellent","2021-05-25 10:42:53","2021-05-25 10:42:53"
"147","21228","8","21541","2","U didn‚Äôt spell my name well it is ARICHE ,but Getfit is the best and this is my fifth order","2021-05-25 10:54:32","2021-05-25 10:54:32"
"148","21212","8","21525","5","Smooth","2021-05-25 11:01:37","2021-05-25 11:01:37"
"149","21210","7","21523","5","She is cool and very fast in replying","2021-05-25 11:36:21","2021-05-25 11:36:21"
"150","21230","8","21543","0","Trust worthy and it's good the quality.. nice doing business with you..","2021-05-25 12:03:22","2021-05-25 12:03:22"
"151","21232","17","21545","5","Good üëç","2021-05-25 12:14:45","2021-05-25 12:14:45"
"152","21232","17","21545","5","Good üëç","2021-05-25 12:14:47","2021-05-25 12:14:47"
"153","21218","7","21531","5","Elegant services","2021-05-25 14:11:17","2021-05-25 14:11:17"
"154","21240","7","21553","5","Polite and helpful with information","2021-05-25 14:45:59","2021-05-25 14:45:59"
"155","21250","7","21563","5","Pleasant and quick to respond.","2021-05-25 14:49:58","2021-05-25 14:49:58"
"156","21243","2","21556","0","Her services is very fine","2021-05-25 14:57:44","2021-05-25 14:57:44"
"157","21231","7","21544","5","Very very good
I want to say a big thank you to her.
Her response was very nice üëèüëè","2021-05-25 15:50:37","2021-05-25 15:50:37"
"158","21259","7","21574","0","Great","2021-05-25 16:14:51","2021-05-25 16:14:51"
"159","21259","7","21574","5","Great","2021-05-25 16:14:56","2021-05-25 16:14:56"
"160","21245","7","21558","5","Coolest üíØ","2021-05-25 16:25:05","2021-05-25 16:25:05"
"161","21261","2","21576","0","She is very nice person to talk to,am very happy for being attend to ,keep the good work. More win.","2021-05-25 16:35:56","2021-05-25 16:35:56"
"162","21260","2","21575","5","Good customer service.","2021-05-25 16:51:14","2021-05-25 16:51:14"
"163","21256","17","21571","4","Nneoma was fast in taking and processing my order and also followed up to ensure I got confirmation of my order.","2021-05-25 17:10:50","2021-05-25 17:10:50"
"164","21235","7","21548","4","Professional","2021-05-25 17:46:29","2021-05-25 17:46:29"
"165","21265","2","21581","5","Chika is an awesome customer representative. I loved her service. Thank you for the warm service Chika.","2021-05-25 19:05:20","2021-05-25 19:05:20"
"166","21264","18","21579","5","Amazing service","2021-05-25 20:51:22","2021-05-25 20:51:22"
"167","21273","2","21589","5","She was fast and polite.","2021-05-26 10:37:08","2021-05-26 10:37:08"
"168","21274","2","21590","0","I like the product I cannot wait time have mine","2021-05-26 11:59:54","2021-05-26 11:59:54"
"169","21274","2","21590","0","I like the product I cannot wait time have mine","2021-05-26 11:59:55","2021-05-26 11:59:55"
"170","21274","2","21590","0","I like the product I cannot wait time have mine","2021-05-26 11:59:56","2021-05-26 11:59:56"
"171","21287","17","21603","0","She is humble and no how to convince a Costumer to buy d product","2021-05-26 12:38:03","2021-05-26 12:38:03"
"172","21282","2","21598","5","I got swift and helpful response from her and I hope the delivery is quick too","2021-05-26 14:14:27","2021-05-26 14:14:27"
"173","21268","7","21584","5","Prompt, courteous and overall very helpful. Excellent customer service.","2021-05-26 15:57:37","2021-05-26 15:57:37"
"174","21309","15","21625","5","I had top notch customer experience from EDITH. She took her time to call me and educate me about the waist trainers and was very polite in doing that. She made me feel very comfortable. She's such a sweet soul‚ô•Ô∏è‚ô•Ô∏è‚ô•Ô∏è","2021-05-26 16:12:48","2021-05-26 16:12:48"
"175","21304","7","21620","5","Very great","2021-05-26 16:23:11","2021-05-26 16:23:11"
"176","21299","2","21615","5","She gave an amazing service. I wish all customer service were this way in Nigeria. Thank you.","2021-05-26 17:14:42","2021-05-26 17:14:42"
"177","21280","17","21596","5","Exbelleny service","2021-05-26 17:43:14","2021-05-26 17:43:14"
"178","21319","8","21635","5","I was very comfortable chatting with Victoria Jolomi, she was patient, polite  and answered all my questions as expected of a customer representative.","2021-05-26 18:01:18","2021-05-26 18:01:18"
"179","21306","18","21622","5","She was really sweet and remembered I just had a child and asked after , was really charming","2021-05-26 19:23:24","2021-05-26 19:23:24"
"180","21321","7","21637","4","Fast and attentive","2021-05-26 20:28:03","2021-05-26 20:28:03"
"181","21333","17","21649","5","Good","2021-05-27 11:21:45","2021-05-27 11:21:45"
"182","21336","7","21652","5","Excellent service","2021-05-27 12:20:07","2021-05-27 12:20:07"
"183","21348","17","21664","5","Excellent service","2021-05-27 14:28:05","2021-05-27 14:28:05"
"184","21348","17","21664","5","Excellent service","2021-05-27 14:28:06","2021-05-27 14:28:06"
"185","21347","7","21663","5","Very fast at reply and response very well.","2021-05-27 14:30:17","2021-05-27 14:30:17"
"186","21349","7","21665","5","I like her customer service,","2021-05-27 16:28:56","2021-05-27 16:28:56"
"187","21324","7","21640","5","she's good","2021-05-27 16:44:51","2021-05-27 16:44:51"
"188","21324","7","21640","5","she's good","2021-05-27 16:44:52","2021-05-27 16:44:52"
"189","21288","2","21604","5","Very calm, professional and supportive. Responses were helpful and prompt.","2021-05-27 17:54:24","2021-05-27 17:54:24"
"190","21327","7","21643","5","No comments","2021-05-27 17:55:44","2021-05-27 17:55:44"
"191","21362","7","21677","0","She is good","2021-05-27 19:49:42","2021-05-27 19:49:42"
"192","21366","7","21681","0","Excellent Service","2021-05-27 20:06:51","2021-05-27 20:06:51"
"193","21234","18","21547","4","Good","2021-05-27 21:30:09","2021-05-27 21:30:09"
"194","21372","17","21687","5","Nice","2021-05-28 09:45:47","2021-05-28 09:45:47"
"195","21375","2","21690","5","Excellent","2021-05-28 12:56:57","2021-05-28 12:56:57"
"196","21397","17","21713","5","She have a very good customer relation...Keep it up","2021-05-28 16:48:45","2021-05-28 16:48:45"
"197","21397","17","21713","5","She have a very good customer relation...Keep it up","2021-05-28 16:48:46","2021-05-28 16:48:46"
"198","21391","18","21706","0","Satisfied.","2021-05-28 21:20:03","2021-05-28 21:20:03"
"199","21391","18","21706","0","Satisfied.","2021-05-28 21:20:41","2021-05-28 21:20:41"
"200","21412","7","21729","5","Good customer care","2021-05-29 12:41:05","2021-05-29 12:41:05"
"201","21415","17","21732","5","She is good and very patience","2021-05-29 14:01:33","2021-05-29 14:01:33"
"202","21400","7","21716","5","So friendly and polite unlike rest of ig vendors. I will rate her customer service 100% Thankyou Amaka üôèüèº Keep it up","2021-05-29 14:29:22","2021-05-29 14:29:22"
"203","21413","8","21730","5","I love the fact she was able to break down all what I needed .. the transaction of  was very smooth ..","2021-05-29 14:34:43","2021-05-29 14:34:43"
"204","21429","7","21746","5","She is very pleasant and attended to me with so much calmness.
Thanks Amaka keep it up you are amazing","2021-05-29 18:52:00","2021-05-29 18:52:00"
"205","21435","7","21752","5","Yes I like the way she attended to me. üòçüòç","2021-05-31 08:25:59","2021-05-31 08:25:59"
"206","21442","17","21759","5","Good","2021-05-31 09:39:01","2021-05-31 09:39:01"
"207","21438","7","21755","5","She is very nice and friendly. Didn't have a problem while ordering. Nice job Amaka.‚ù§Ô∏è‚ù§Ô∏è","2021-05-31 09:49:08","2021-05-31 09:49:08"
"208","21363","39","21678","4","Good","2021-05-31 09:55:25","2021-05-31 09:55:25"
"209","21363","39","21678","4","Good","2021-05-31 09:55:25","2021-05-31 09:55:25"
"210","21466","8","21782","5","Swift","2021-05-31 12:52:18","2021-05-31 12:52:18"
"211","21468","39","21784","5","She is efficient and helpful. Very friendly too","2021-05-31 13:18:56","2021-05-31 13:18:56"
"212","21470","7","21786","0","Really good!","2021-05-31 13:26:03","2021-05-31 13:26:03"
"213","21480","17","21797","5","Cheerful and soft","2021-05-31 16:19:52","2021-05-31 16:19:52"
"214","21487","2","21806","2","The service is awesome","2021-05-31 16:42:23","2021-05-31 16:42:23"
"215","21368","7","21683","5","Awesome service, Quick and fast delivery.","2021-05-31 20:41:56","2021-05-31 20:41:56"
"216","21473","7","21789","4","Excellent","2021-06-01 02:42:26","2021-06-01 02:42:26"
"217","21511","2","21830","5","Fast and reliable","2021-06-01 11:07:01","2021-06-01 11:07:01"
"218","21512","2","21831","5","Her service was good and she is patient with her customers","2021-06-01 12:04:55","2021-06-01 12:04:55"
"219","21519","2","21838","5","She was absolutely amazing. Loved everything about her service. Thank you Chika, üòä","2021-06-01 12:24:24","2021-06-01 12:24:24"
"220","21529","17","21848","0","She is the best. I really appreciate her prompt response to any of my questions","2021-06-01 14:17:35","2021-06-01 14:17:35"
"221","21500","17","21819","4","Helpful and efficient.","2021-06-01 14:21:39","2021-06-01 14:21:39"
"222","21532","2","21851","0","Perfect and excellent.","2021-06-01 15:22:00","2021-06-01 15:22:00"
"223","21540","17","21859","5","She was very attentive and helpful.
She is also polite too.","2021-06-01 15:41:58","2021-06-01 15:41:58"
"224","21540","17","21859","5","Representative was polite,attentive and helpful.","2021-06-01 15:48:42","2021-06-01 15:48:42"
"225","21523","2","21842","5","She is awesome.","2021-06-01 15:55:50","2021-06-01 15:55:50"
"226","21544","17","21863","4","She is wonderful for her quick responses and quide","2021-06-01 16:40:26","2021-06-01 16:40:26"
"227","21544","17","21863","4","She was nice and answered  me accurately","2021-06-01 16:41:56","2021-06-01 16:41:56"
"228","21482","2","21800","5","Polite","2021-06-01 18:14:34","2021-06-01 18:14:34"
"229","21549","8","21869","5","Highly efficient and professional.","2021-06-01 19:32:22","2021-06-01 19:32:22"
"230","21552","39","21872","5","They are nice","2021-06-02 08:29:47","2021-06-02 08:29:47"
"231","21562","17","21883","5","Excellent and fast. She should keep it up","2021-06-02 09:13:17","2021-06-02 09:13:17"
"232","21563","2","21884","5","I loved CHIKA‚Äôs Service. She knows her onions. Great Service.","2021-06-02 09:42:09","2021-06-02 09:42:09"
"233","21577","2","21898","5","Great communication skill. I enjoyed the way she attended to me. Keep it up Chika","2021-06-02 11:18:45","2021-06-02 11:18:45"
"234","21571","2","21892","0","Patient and warm attending  to me","2021-06-02 12:13:03","2021-06-02 12:13:03"
"235","21566","2","21887","5","Excellent","2021-06-02 13:42:03","2021-06-02 13:42:03"
"236","21593","2","21915","0","Chika service to me was excellent. I was attended to well n was satisfied","2021-06-02 14:25:54","2021-06-02 14:25:54"
"237","21585","2","21906","5","She was prompt, polite and very helpful in making sure that l know what l wanted and l get what will be useful to me by posting a picture to show how to get my measurement in determining of what she will give to me so as not to waste money.

I have actually bought one in February which was big and now l am here to get another one.

I am grateful to her.

Thanks.","2021-06-02 15:05:39","2021-06-02 15:05:39"
"238","21599","17","21921","5","Very helpful, polite,attentive and friendly representative.","2021-06-02 15:29:33","2021-06-02 15:29:33"
"239","21592","2","21913","5","She is so nice and helpful and I felt really comfortable talking to her.","2021-06-02 16:39:01","2021-06-02 16:39:01"
"240","21606","2","21928","5","She‚Äôs nice.","2021-06-02 16:51:18","2021-06-02 16:51:18"
"241","21606","2","21928","5","She‚Äôs nice.","2021-06-02 16:51:20","2021-06-02 16:51:20"
"242","21616","2","21939","5","Best customer representative I ever encountered from getfitNG","2021-06-02 18:00:30","2021-06-02 18:00:30"
"243","21590","2","21911","5","Good customer reception.","2021-06-02 18:10:31","2021-06-02 18:10:31"
"244","21624","2","21947","5","Excellent service üëè","2021-06-03 09:46:58","2021-06-03 09:46:58"
"245","21625","2","21948","0","Oh she's been helpful n friendly very understanding with me. Would love to do business with her again.
Thank u mis V","2021-06-03 11:11:26","2021-06-03 11:11:26"
"246","21623","2","21946","5","Her service was niceüíØüíØüíØ","2021-06-03 11:55:23","2021-06-03 11:55:23"
"247","21623","2","21946","5","Her service was niceüíØüíØüíØ","2021-06-03 11:55:24","2021-06-03 11:55:24"
"248","21669","17","21993","5","Good","2021-06-03 20:31:48","2021-06-03 20:31:48"
"249","21586","2","21907","5","Very professional and polite.pays attention to details and prompt to respond to chats","2021-06-03 23:17:12","2021-06-03 23:17:12"
"250","21670","2","21994","5","She responded promptly.","2021-06-04 11:52:59","2021-06-04 11:52:59"
"251","21698","8","22023","5","Excellent","2021-06-04 12:37:42","2021-06-04 12:37:42"
"252","21709","7","22035","4","Prompt response.","2021-06-04 16:32:32","2021-06-04 16:32:32"
"253","21709","7","22035","4","Prompt response.","2021-06-04 16:32:32","2021-06-04 16:32:32"
"254","21708","2","22034","5","Very fast to responds","2021-06-04 16:32:33","2021-06-04 16:32:33"
"255","21716","7","22042","5","She‚Äôs attentive and calm","2021-06-04 16:48:42","2021-06-04 16:48:42"
"256","21716","7","22042","5","She‚Äôs attentive and calm","2021-06-04 16:48:43","2021-06-04 16:48:43"
"257","21722","7","22050","5","She attended to me with patient, and did her job diligently","2021-06-04 17:38:17","2021-06-04 17:38:17"
"258","21663","2","21987","0","She knows how to keep communications with customer simple and leave nothing to doubt","2021-06-04 20:30:28","2021-06-04 20:30:28"
"259","21740","7","22069","5","Amaka customer service is topnotch.
She definitely didn‚Äôt disappoint .","2021-06-05 13:10:46","2021-06-05 13:10:46"
"260","21748","17","22077","5","She was excellent","2021-06-05 14:07:01","2021-06-05 14:07:01"
"261","21756","7","22085","0","I must say that, Amaka Obi's service was excellent. I smiled throughout the transaction chat. I give her 5 üåü.
Thank you.","2021-06-05 19:36:03","2021-06-05 19:36:03"
"262","21752","7","22081","5","Good customer service","2021-06-06 15:52:13","2021-06-06 15:52:13"
"263","21773","7","22103","5","She was nice","2021-06-07 09:21:54","2021-06-07 09:21:54"
"264","21703","2","22028","5","She has customer relationship and she respond on time........nice one keep up","2021-06-07 09:45:57","2021-06-07 09:45:57"
"265","21770","7","22100","5","Her customer service was proper, her responses were fast and polite","2021-06-07 09:59:32","2021-06-07 09:59:32"
"266","21768","7","22098","5","She was very nice, polite and explained everything properly.
She deserves accolades ‚ù§Ô∏è","2021-06-07 10:10:06","2021-06-07 10:10:06"
"267","21767","7","22097","5","Her response was swift and detailed","2021-06-07 10:13:58","2021-06-07 10:13:58"
"268","21771","7","22101","5","A quick and well mannered response","2021-06-07 10:36:09","2021-06-07 10:36:09"
"269","21765","7","22095","4","Great , she's good","2021-06-07 10:48:51","2021-06-07 10:48:51"
"270","21765","7","22095","4","She's good but it takes her hours to reply","2021-06-07 10:49:36","2021-06-07 10:49:36"
"271","21796","17","22127","5","Great job","2021-06-07 13:13:51","2021-06-07 13:13:51"
"272","21774","17","22104","5","She was completely professional, polite  and empathic at the same time. She gave solutions and produced results in any front I had any difficulty. Absolutely amazing service from her.","2021-06-07 13:26:23","2021-06-07 13:26:23"
"273","21803","17","22134","4","Effecient","2021-06-07 16:50:28","2021-06-07 16:50:28"
"274","21690","2","22015","4","good","2021-06-08 08:01:13","2021-06-08 08:01:13"
"275","21841","17","22172","5","Prompt and kind","2021-06-08 09:25:13","2021-06-08 09:25:13"
"276","21848","17","22179","5","She was polite, got me convinced when I was guessing how effective the product is and has integrity. Was glad she was my customer service representative.","2021-06-08 10:07:11","2021-06-08 10:07:11"
"277","21855","8","22186","5","Friendly and efficient","2021-06-08 10:37:43","2021-06-08 10:37:43"
"278","21855","8","22186","5","Friendly and efficient","2021-06-08 10:37:45","2021-06-08 10:37:45"
"279","21874","17","22205","5","She didn't leave my inquiries hanging and was quick to respond. Politely so.","2021-06-08 12:07:06","2021-06-08 12:07:06"
"280","21850","8","22181","5","Professional and responds in time","2021-06-08 13:33:09","2021-06-08 13:33:09"
"281","21910","2","22244","5","She attended to me properly","2021-06-09 10:55:03","2021-06-09 10:55:03"
"282","21910","2","22244","5","She attended to me properly","2021-06-09 10:55:04","2021-06-09 10:55:04"
"283","21910","2","22244","5","She attended to me properly","2021-06-09 10:55:05","2021-06-09 10:55:05"
"284","21906","7","22240","5","She was swift to reply and very detailed in the information she gave out","2021-06-09 11:32:28","2021-06-09 11:32:28"
"285","21905","7","22239","5","Excellent","2021-06-09 11:34:14","2021-06-09 11:34:14"
"286","21917","17","22251","0","I HV see it","2021-06-09 12:44:11","2021-06-09 12:44:11"
"287","21925","17","22260","5","Good","2021-06-09 13:59:36","2021-06-09 13:59:36"
"288","21821","12","22152","5","Top notch customer care skills and swift, polite responses","2021-06-09 14:04:07","2021-06-09 14:04:07"
"289","21821","12","22152","5","Top notch customer care skills and swift, polite responses","2021-06-09 14:04:08","2021-06-09 14:04:08"
"290","21915","7","22249","5","She‚Äôs good","2021-06-09 14:09:53","2021-06-09 14:09:53"
"291","21915","7","22249","5","She‚Äôs good","2021-06-09 14:09:53","2021-06-09 14:09:53"
"292","21309","15","21625","5","Excellent customer service.
Was really helpful üíØ","2021-06-09 14:29:35","2021-06-09 14:29:35"
"293","21916","17","22250","5","Nneoma John is  an angel, she was ready to listen to my problems, and she also provides a better solution. Thank you so much and God bless you.","2021-06-09 17:42:53","2021-06-09 17:42:53"
"294","21948","7","22285","5","Great","2021-06-09 19:54:44","2021-06-09 19:54:44"
"295","21961","7","22298","4","Communication well passed.","2021-06-10 10:50:35","2021-06-10 10:50:35"
"296","21912","15","22246","5","Exceptional customerservicewith her always","2021-06-10 11:05:50","2021-06-10 11:05:50"
"297","21888","12","22220","5","Excellent","2021-06-10 11:40:54","2021-06-10 11:40:54"
"298","21977","7","22315","0","Good üëçüèæ","2021-06-10 13:12:56","2021-06-10 13:12:56"
"299","21980","17","22318","5","The service was super fast like the representative was sleeping on the page waiting to receive my order","2021-06-10 13:56:35","2021-06-10 13:56:35"
"300","21958","7","22295","0","Terrible and insulting","2021-06-10 14:52:39","2021-06-10 14:52:39"
"301","21988","2","22326","0","Excellent","2021-06-10 15:49:24","2021-06-10 15:49:24"
"302","21844","17","22175","5","She's a nice lady with sense of humor.","2021-06-10 17:49:08","2021-06-10 17:49:08"
"303","21990","2","22328","4","Nice","2021-06-10 18:19:39","2021-06-10 18:19:39"
"304","21686","2","22010","5","Chika, was super helpful when I was ordering for my getfit. Lovely customer service personal.","2021-06-10 18:30:45","2021-06-10 18:30:45"
"305","21967","17","22305","5","Humble and friendly and respond to messages quickly.","2021-06-10 18:37:11","2021-06-10 18:37:11"
"306","21989","7","22327","4","It was nice and i give a five star ratings","2021-06-10 23:00:16","2021-06-10 23:00:16"
"307","22010","17","22349","0","Great customer service","2021-06-11 09:50:42","2021-06-11 09:50:42"
"308","22010","17","22349","0","Great customer service","2021-06-11 09:50:42","2021-06-11 09:50:42"
"309","22012","7","22351","0","Very Good and fastüòÅ","2021-06-11 10:26:25","2021-06-11 10:26:25"
"310","22013","2","22352","5","Excellent and prompt service","2021-06-11 11:45:23","2021-06-11 11:45:23"
"311","22021","2","22360","5","She is so prompt","2021-06-11 11:52:39","2021-06-11 11:52:39"
"312","22005","2","22344","5","Fast response","2021-06-11 12:54:39","2021-06-11 12:54:39"
"313","22025","2","22365","5","Fast and good customer service","2021-06-11 16:19:27","2021-06-11 16:19:27"
"314","22032","7","22372","5","Very courteous and detailed customer service","2021-06-11 16:24:26","2021-06-11 16:24:26"
"315","22048","18","22388","5","Cool","2021-06-11 16:46:03","2021-06-11 16:46:03"
"316","22048","18","22388","5","Cool","2021-06-11 16:46:04","2021-06-11 16:46:04"
"317","22049","17","22389","5","Excellent service","2021-06-11 17:00:33","2021-06-11 17:00:33"
"318","21897","2","22230","5","I love the waist trainer. Thanks","2021-06-11 17:09:21","2021-06-11 17:09:21"
"319","22052","8","22392","5","Excellent and very prompt.","2021-06-11 17:13:50","2021-06-11 17:13:50"
"320","22028","2","22368","5","Good customer service, replied on time, explained well and was very nice.I like her service, thanks.","2021-06-11 17:36:18","2021-06-11 17:36:18"
"321","21897","2","22230","5","She is good, thanks to her.","2021-06-11 17:40:56","2021-06-11 17:40:56"
"322","22017","7","22356","5","Awesome customer service ü•∞","2021-06-11 21:20:23","2021-06-11 21:20:23"
"323","22065","7","22405","5","Wonderful customer service","2021-06-12 12:07:43","2021-06-12 12:07:43"
"324","22072","8","22413","5","She‚Äôs prompt .
She‚Äôs well cultured...
I love her (sister love) lol","2021-06-12 13:02:17","2021-06-12 13:02:17"
"325","22074","7","22415","5","Friendly","2021-06-12 13:09:15","2021-06-12 13:09:15"
"326","22074","7","22415","5","Friendly","2021-06-12 13:09:16","2021-06-12 13:09:16"
"327","22080","17","22421","5","Excellent service","2021-06-12 15:38:45","2021-06-12 15:38:45"
"328","22085","7","22427","5","Helpful.","2021-06-12 16:53:47","2021-06-12 16:53:47"
"329","22042","13","22382","0","It was top notch","2021-06-12 19:53:16","2021-06-12 19:53:16"
"330","22075","13","22416","5","She‚Äôs very efficient. She is highly skilled in customer service. Beautiful with a lovely smile.","2021-06-13 07:11:29","2021-06-13 07:11:29"
"331","22100","17","22443","5","Very Good","2021-06-14 10:39:27","2021-06-14 10:39:27"
"332","22090","7","22432","5","Thanks Amakaüòçüòç I like all ur responds","2021-06-14 10:59:30","2021-06-14 10:59:30"
"333","22109","7","22452","5","Excellent","2021-06-14 11:13:01","2021-06-14 11:13:01"
"334","22102","7","22445","5","She attended to me in a very nice manner and she was very proactive, no delays at all, I really enjoyed her service!","2021-06-14 13:50:58","2021-06-14 13:50:58"
"335","22105","7","22448","5","Her customer relationship was great","2021-06-14 14:06:36","2021-06-14 14:06:36"
"336","22121","17","22465","5","Customer friendly and always available to help","2021-06-14 15:38:43","2021-06-14 15:38:43"
"337","22136","7","22480","5","Very professional","2021-06-14 17:13:43","2021-06-14 17:13:43"
"338","22144","7","22488","5","I love her patience and how she helped me in making a decision.","2021-06-15 09:32:14","2021-06-15 09:32:14"
"339","22163","2","22507","0","Chika attended to me nicely  she is very good at her job. Thank you","2021-06-15 11:09:47","2021-06-15 11:09:47"
"340","22167","2","22511","4","Good","2021-06-15 11:37:15","2021-06-15 11:37:15"
"341","22171","17","22515","5","Nneoma, was a really nice representative of GetFit. I'll like to get more product because of her warm welcoming. Please give her bonus abeg üòÅüòÅ","2021-06-15 12:16:46","2021-06-15 12:16:46"
"342","22155","2","22499","5","Excellent customer service delivery. More than 5 stars rating.","2021-06-15 12:21:55","2021-06-15 12:21:55"
"343","22175","17","22519","5","Great","2021-06-15 13:39:45","2021-06-15 13:39:45"
"344","22170","2","22514","5","Getfitng waist trainer is simply the best . I have 3 different types of waisttrainers from getfitng and they work well .","2021-06-15 14:13:57","2021-06-15 14:13:57"
"345","21992","2","22330","5","She is polite","2021-06-15 14:44:05","2021-06-15 14:44:05"
"346","22166","2","22510","5","She was very courteous & easy to talk to. Highly recommended.","2021-06-15 15:45:17","2021-06-15 15:45:17"
"347","22187","2","22532","5","She was very detailed and gave good recommendations.","2021-06-15 16:49:23","2021-06-15 16:49:23"
"348","22176","18","22520","5","She was great at attending to us","2021-06-15 17:10:58","2021-06-15 17:10:58"
"349","22193","18","22538","5","I love her service","2021-06-15 17:53:59","2021-06-15 17:53:59"
"350","22209","7","22554","0","I luv the way she attend to customer ü•∞ü•∞ü•∞ü•∞ü•∞ü•∞","2021-06-16 12:21:02","2021-06-16 12:21:02"
"351","22209","7","22554","0","I luv the way she attend to customer ü•∞ü•∞ü•∞ü•∞ü•∞ü•∞","2021-06-16 12:21:03","2021-06-16 12:21:03"
"352","22186","7","22531","5","Very professional and polite","2021-06-16 13:34:00","2021-06-16 13:34:00"
"353","22224","7","22569","0","She‚Äôs well mannered","2021-06-16 14:01:51","2021-06-16 14:01:51"
"354","22224","7","22569","5","She‚Äôs well mannered","2021-06-16 14:01:58","2021-06-16 14:01:58"
"355","22188","7","22533","0","She seems really attentive ‚ù§Ô∏èü•∞","2021-06-16 14:33:14","2021-06-16 14:33:14"
"356","22188","7","22533","0","She seems really attentive ‚ù§Ô∏èü•∞","2021-06-16 14:33:16","2021-06-16 14:33:16"
"357","22178","18","22522","5","She is very good and kind .I love her services I promise because of the way she treated me I will bring more costumes to Getfit","2021-06-16 16:27:19","2021-06-16 16:27:19"
"358","22235","7","22580","5","Thanks so much ,u gys service is so good üëçüòä","2021-06-16 18:43:20","2021-06-16 18:43:20"
"359","22213","7","22558","5","Its was perfect","2021-06-16 18:56:34","2021-06-16 18:56:34"
"360","22169","18","22513","0","She was on the phone chatting away and very loud....it wasn't a business call but a personal one......2 out 5","2021-06-16 22:14:06","2021-06-16 22:14:06"
"361","22249","17","22594","5","She is so calm and also quick to respond, God bless her","2021-06-17 09:31:34","2021-06-17 09:31:34"
"362","22244","7","22589","5","Amazing","2021-06-17 12:43:39","2021-06-17 12:43:39"
"363","22273","7","22618","5","Very good","2021-06-17 14:31:35","2021-06-17 14:31:35"
"364","22267","2","22612","5","Her service was top notch and she‚Äôs very respectful.","2021-06-17 14:43:46","2021-06-17 14:43:46"
"365","22219","7","22564","5","100% customer service","2021-06-18 07:24:54","2021-06-18 07:24:54"
"366","22297","7","22645","5","She‚Äôs fast with her responses","2021-06-18 10:36:38","2021-06-18 10:36:38"
"367","22301","17","22649","5","Fast and reliable","2021-06-18 11:04:02","2021-06-18 11:04:02"
"368","22311","2","22659","5","She‚Äôs nice, and also replies messages so fast with a lot of respect","2021-06-18 13:04:34","2021-06-18 13:04:34"
"369","22311","2","22659","5","She‚Äôs nice, and also replies messages so fast with a lot of respect","2021-06-18 13:04:35","2021-06-18 13:04:35"
"370","22314","7","22662","5","She is great, she responded well and on time. Keep it up Amaka","2021-06-18 13:47:41","2021-06-18 13:47:41"
"371","22204","7","22549","5","Good customer service","2021-06-18 14:37:54","2021-06-18 14:37:54"
"372","22204","7","22549","5","Good customer service","2021-06-18 14:37:56","2021-06-18 14:37:56"
"373","22324","17","22672","5","Excellent customer service provided. Weldone  Nneoma John..","2021-06-18 15:55:08","2021-06-18 15:55:08"
"374","22330","17","22678","0","Polite and she is welcoming","2021-06-18 18:08:23","2021-06-18 18:08:23"
"375","22339","7","22687","0","She‚Äôs actually polite but it‚Äôll be nice if they‚Äôll try and give more advice as to what product will best suit a customers needs.","2021-06-18 22:02:10","2021-06-18 22:02:10"
"376","22339","7","22687","0","She‚Äôs actually polite but it‚Äôll be nice if they‚Äôll try and give more advice as to what product will best suit a customers needs.","2021-06-18 22:02:11","2021-06-18 22:02:11"
"377","22327","7","22675","5","She‚Äôs polite","2021-06-18 22:54:23","2021-06-18 22:54:23"
"378","22353","2","22703","4","Cool and nice","2021-06-19 13:55:35","2021-06-19 13:55:35"
"379","22329","2","22677","5","Anumudu Chika had one of the best communication skills I've gotten from a representative before. she answered my questions patiently and put me through the process. It definitely convinced me GETFIT was worth it, I was skeptical before.","2021-06-19 14:51:24","2021-06-19 14:51:24"
"380","22322","2","22670","5","Great customer relationship","2021-06-19 17:11:30","2021-06-19 17:11:30"
"381","22375","2","22725","5","Very efficient customer service representative, patient to answer my questions and attentive to details.","2021-06-19 19:38:29","2021-06-19 19:38:29"
"382","22347","7","22697","5","Excellent","2021-06-19 21:35:32","2021-06-19 21:35:32"
"383","22348","7","22698","5","She‚Äôs nice and accommodating.","2021-06-20 01:01:36","2021-06-20 01:01:36"
"384","22325","18","22673","0","She is excellent","2021-06-20 06:16:14","2021-06-20 06:16:14"
"385","22371","18","22721","5","Very efficient and attentive and nice too ‚ò∫Ô∏è","2021-06-20 09:05:04","2021-06-20 09:05:04"
"386","22276","2","22621","5","Marvelous,   she was just patient enough to listen and help out with my orders, thanks to her,  you are simply  awesome dear.","2021-06-20 15:05:56","2021-06-20 15:05:56"
"387","22276","2","22621","5","Marvelous,   she was super amazing,  patient enough to listen and help out with my orders, thanks to her,  you are simply  awesome dear.","2021-06-20 15:05:58","2021-06-20 15:05:58"
"388","22276","2","22621","5","Marvelous,   she was super amazing,  patient enough to listen and help out with my orders, thanks to her,  you are simply  awesome dear.","2021-06-20 15:06:42","2021-06-20 15:06:42"
"389","22276","2","22621","5","Marvelous,   she was super amazing,  patient enough to listen and help out with my orders, thanks to her,  you are simply  awesome dear.","2021-06-20 15:07:02","2021-06-20 15:07:02"
"390","22276","2","22621","5","Marvelous,   she was super amazing,  patient enough to listen and help out with my orders, thanks to her,  you are simply  awesome dear.","2021-06-20 15:07:13","2021-06-20 15:07:13"
"391","22390","17","22740","5","She responded well and on time","2021-06-21 09:47:06","2021-06-21 09:47:06"
"392","22389","2","22739","5","Anumudu Chika is an amazing customer representative. She knows how to make a customer sure feel special. I loved her and I loved her service. Kudos Getfit for a wonderful staff.","2021-06-21 09:55:40","2021-06-21 09:55:40"
"393","22390","17","22740","5","She responded well and on time","2021-06-21 10:18:23","2021-06-21 10:18:23"
"394","22406","17","22756","5","Very understanding and accommodating. Thank you.","2021-06-21 11:40:36","2021-06-21 11:40:36"
"395","22386","2","22736","5","she‚Äôs nice","2021-06-21 11:51:37","2021-06-21 11:51:37"
"396","22424","7","22774","5","I was attended to immediately","2021-06-21 12:27:30","2021-06-21 12:27:30"
"397","22432","2","22783","5","She treated me with lot of warmth. She even gave me discount as a returning customer, it made me feel appreciated. The service was excellent. Thank you Chika. ‚ù§Ô∏è","2021-06-21 13:27:31","2021-06-21 13:27:31"
"398","22426","2","22776","5","Prompt and excellent service","2021-06-21 13:33:27","2021-06-21 13:33:27"
"399","22442","2","22794","5","Getfit to the world,if not Getfit nothing else they are the best.The belly fat Getfit can‚Äôt consume does not exist üôåüèæüôåüèæ","2021-06-21 16:17:01","2021-06-21 16:17:01"
"400","22442","2","22794","5","Getfit to the world,if not Getfit nothing else they are the best.The belly fat Getfit can‚Äôt consume does not exist üôåüèæüôåüèæ","2021-06-21 16:17:02","2021-06-21 16:17:02"
"401","22444","17","22796","5","The service was great","2021-06-21 16:57:35","2021-06-21 16:57:35"
"402","22445","7","22797","5","Amaka was great in helping me with my purchase and communicated","2021-06-21 17:02:59","2021-06-21 17:02:59"
"403","22445","7","22797","5","Amaka was great in helping me with my purchase and communicated","2021-06-21 17:03:00","2021-06-21 17:03:00"
"404","22442","2","22794","5","She is nice n lovely,always attend to you with respect","2021-06-21 17:22:14","2021-06-21 17:22:14"
"405","22442","2","22794","5","She is nice n lovely,always attend to you with respect","2021-06-21 17:22:15","2021-06-21 17:22:15"
"406","22388","2","22738","0","Her customer relations service is perfect 100%.
Keep it up","2021-06-21 17:34:40","2021-06-21 17:34:40"
"407","22374","2","22724","5","Chika was very responsive and polite.

She paid particular attention to my need to have the item delivered in time and made sure it was delivered even earlier than promised.","2021-06-21 20:39:54","2021-06-21 20:39:54"
"408","22458","2","22810","5","Chika was everything awesome. She‚Äôs so patient and friendly. Thank you for your service Chika.","2021-06-21 21:12:08","2021-06-21 21:12:08"
"409","22457","7","22809","5","Amaka's customer service was excellent.","2021-06-22 07:00:41","2021-06-22 07:00:41"
"410","22468","2","22820","5","Was good","2021-06-22 11:55:38","2021-06-22 11:55:38"
"411","22473","2","22825","5","Excellent service","2021-06-22 12:25:19","2021-06-22 12:25:19"
"412","22469","2","22821","5","She was helpful","2021-06-22 13:27:07","2021-06-22 13:27:07"
"413","22476","2","22828","5","She was professional and helpful in deciding what products and size to pick.","2021-06-22 13:59:17","2021-06-22 13:59:17"
"414","22395","2","22745","5","Very fast I love her service","2021-06-22 13:59:53","2021-06-22 13:59:53"
"415","22489","18","22841","5","Polit","2021-06-22 14:41:12","2021-06-22 14:41:12"
"416","22494","7","22846","5","Great","2021-06-22 16:29:14","2021-06-22 16:29:14"
"417","22477","2","22829","5","Thoughtful and accommodating. Swift delivery too.","2021-06-22 21:19:56","2021-06-22 21:19:56"
"418","22484","18","22836","5","Friendly and accommodating","2021-06-22 22:12:25","2021-06-22 22:12:25"
"419","22484","18","22836","5","Friendly and accommodating","2021-06-22 22:12:29","2021-06-22 22:12:29"
"420","22500","2","22852","5","Excellent customer service","2021-06-23 11:12:24","2021-06-23 11:12:24"
"421","22516","17","22868","5","Very good","2021-06-23 13:17:38","2021-06-23 13:17:38"
"422","22521","7","22874","5","She is good at what she doesüòç keep it upüòå","2021-06-23 14:12:37","2021-06-23 14:12:37"
"423","22536","17","22890","5","I think you need more of her in your company, she was very fast with her replies and very nice.","2021-06-23 17:55:36","2021-06-23 17:55:36"
"424","22525","18","22878","5","Very good customer service.","2021-06-23 17:57:54","2021-06-23 17:57:54"
"425","22530","7","22883","5","Awesome","2021-06-23 22:33:35","2021-06-23 22:33:35"
"426","22507","2","22859","5","She's  polite, active  online  that  made me order  for Getfit  product.","2021-06-24 07:57:20","2021-06-24 07:57:20"
"427","22548","7","22902","5","She was owesome, reason why I paid sharp sharp","2021-06-24 11:50:10","2021-06-24 11:50:10"
"428","22553","2","22907","5","Polite and fast to response","2021-06-24 12:24:32","2021-06-24 12:24:32"
"429","22560","7","22914","5","She is very patient and helpful, answered all my questions without delay.","2021-06-24 14:38:05","2021-06-24 14:38:05"
"430","22560","7","22914","5","She is very patient and helpful, answered all my questions without delay.","2021-06-24 14:38:06","2021-06-24 14:38:06"
"431","22509","17","22861","4","Good customer service  - very responsive and prompt.","2021-06-25 08:38:41","2021-06-25 08:38:41"
